frame,ok,trans_err_m,rot_err_deg,keypoints,matches,inliers,ms_decode,ms_extract,ms_match,ms_pose,ms_total,qw,qx,qy,qz,tx,ty,tz
seq-01/frame-000000,1,0.06342053,1.288530,2281,1234,996,3.38,90.85,165.42,19.65,279.30,0.982210135,-0.116444208,0.147204952,-0.005890664,-0.7261679,-0.4659267,-0.2485413
seq-01/frame-000010,1,0.07271643,1.470184,2397,1341,1099,1.08,81.25,128.10,14.67,225.11,0.981957796,-0.115491365,0.149528862,-0.007858130,-0.7279705,-0.4573978,-0.2362299
seq-01/frame-000020,1,0.05982437,0.995694,2520,1301,1027,0.96,85.97,131.86,13.31,232.10,0.983184185,-0.098378707,0.153852111,-0.000127223,-0.7060320,-0.4656563,-0.2162901
seq-01/frame-000030,1,0.04174015,0.756680,2283,1329,1087,0.91,82.83,116.76,12.23,212.73,0.982829261,-0.071383959,0.170140842,0.001751567,-0.7182257,-0.4992782,-0.2037881
seq-01/frame-000040,1,0.04952555,1.428700,2092,1290,1083,0.89,81.08,111.58,15.26,208.81,0.982975409,-0.043442845,0.178503193,-0.002945455,-0.7216771,-0.5350211,-0.1824474
seq-01/frame-000050,1,0.06668689,1.728293,1624,1086,953,0.88,72.08,85.92,11.03,169.92,0.982497995,-0.002102998,0.186179027,-0.005534999,-0.6798716,-0.5721222,-0.0990654
seq-01/frame-000060,1,0.06687277,1.549583,1685,1165,1022,0.88,75.72,90.73,14.53,181.87,0.979882072,0.027687133,0.196891943,-0.017265892,-0.6270226,-0.6005630,-0.0272716
seq-01/frame-000070,1,0.05994000,1.229224,1914,1242,1092,0.91,75.05,99.00,11.11,186.07,0.975849356,0.065770615,0.205188141,-0.035917775,-0.5745043,-0.6267597,0.0132418
seq-01/frame-000080,1,0.05385757,1.210042,1896,1215,1037,0.90,73.85,98.11,11.39,184.25,0.968269521,0.086885071,0.229802609,-0.045780791,-0.5505343,-0.6640760,0.0803100
seq-01/frame-000090,1,0.07801029,1.607990,1882,1230,1048,0.99,73.15,94.81,11.09,180.04,0.961448686,0.098242977,0.252872750,-0.044945672,-0.5690498,-0.7318209,0.2022962
seq-01/frame-000100,1,0.06309297,1.351499,2027,1328,1133,1.01,77.18,103.45,12.50,194.14,0.958787066,0.102307937,0.262045147,-0.039909769,-0.5780140,-0.7607847,0.3265096
seq-01/frame-000110,1,0.05126231,1.212497,2022,1359,1186,0.97,78.05,103.39,13.55,195.96,0.959898295,0.101139329,0.257014993,-0.048056132,-0.5572657,-0.7784889,0.4039983
seq-01/frame-000120,1,0.05950290,1.098985,1770,1254,1061,0.95,72.73,87.42,13.37,174.47,0.962997215,0.122117985,0.234333611,-0.053021886,-0.4575408,-0.7981150,0.4364702
seq-01/frame-000130,1,0.06002999,0.944353,1811,1201,1029,0.95,72.17,90.03,15.52,178.68,0.966180707,0.122638349,0.219901817,-0.055658498,-0.3125909,-0.8196509,0.4490240
seq-01/frame-000140,1,0.04978007,0.967347,1794,1242,1054,0.93,74.35,88.84,10.60,174.73,0.968805036,0.112490662,0.214050936,-0.054266476,-0.2320113,-0.8319160,0.4722540
seq-01/frame-000150,1,0.04422885,0.917926,1676,1169,996,0.94,70.98,83.57,14.56,170.05,0.967728323,0.103356007,0.222435392,-0.057809383,-0.1458379,-0.8559400,0.5489524
seq-01/frame-000160,1,0.04483474,1.114744,1755,1223,1039,0.94,71.84,84.92,14.18,171.89,0.969824451,0.103062500,0.213785547,-0.055806765,-0.0689140,-0.9001768,0.6401390
seq-01/frame-000170,1,0.03048131,0.837936,1685,1165,980,0.91,70.75,80.93,8.38,160.97,0.971498366,0.099038881,0.209729356,-0.048947135,-0.0019374,-0.9194816,0.6909286
seq-01/frame-000180,1,0.01971880,0.624080,1650,1288,1103,0.91,70.12,78.97,18.30,168.30,0.974635851,0.111071259,0.181660032,-0.068904032,0.1277522,-0.8962048,0.7047210
seq-01/frame-000190,1,0.01986379,0.571783,1436,1137,982,0.90,65.13,69.19,8.46,143.68,0.978483225,0.107580634,0.158836763,-0.075946479,0.2381386,-0.9101278,0.6866021
seq-01/frame-000200,1,0.02891450,0.683016,1466,1163,981,0.91,65.66,71.97,9.38,147.92,0.982262946,0.108405259,0.138264206,-0.065504309,0.3288625,-0.9212146,0.7236810
seq-01/frame-000210,1,0.04911965,1.201148,1250,944,783,0.89,63.32,61.74,13.48,139.44,0.980136052,0.109130156,0.153008429,-0.063343109,0.4346655,-0.9492268,0.8052702
seq-01/frame-000220,1,0.05298415,1.567855,1534,1084,870,0.94,67.44,72.55,15.63,156.57,0.978899384,0.120651708,0.156985458,-0.050544318,0.4951983,-0.9451066,0.8720362
seq-01/frame-000230,1,0.04478006,1.304762,1339,1002,796,0.89,64.26,66.19,15.86,147.20,0.977563653,0.125113601,0.158774002,-0.059217453,0.5162198,-0.9672004,0.8983839
seq-01/frame-000240,1,0.02731966,0.766934,897,624,513,0.85,53.12,42.62,16.30,112.89,0.981886776,0.134708620,0.120173347,-0.057535330,0.5362487,-0.9751572,0.9004197
seq-01/frame-000250,1,0.04640123,1.114121,931,609,503,0.85,54.32,46.36,7.17,108.70,0.987545014,0.122741961,0.058446420,-0.079203991,0.5678197,-0.9925023,0.8651289
seq-01/frame-000260,1,0.01941962,0.870238,1176,662,491,0.92,58.98,57.05,12.73,129.68,0.987111448,0.129976968,0.000773969,-0.093361545,0.5673827,-0.9587726,0.8481854
seq-01/frame-000270,1,0.02236869,1.494588,1333,749,547,0.94,64.33,66.22,12.28,143.78,0.984196988,0.134127223,-0.056912485,-0.100633724,0.5758228,-0.9361216,0.8284984
seq-01/frame-000280,1,0.02041239,0.888477,2029,1082,759,0.98,79.51,90.58,15.12,186.19,0.980109745,0.131789079,-0.101247327,-0.108468917,0.5775777,-0.9472094,0.8191075
seq-01/frame-000290,1,0.01071060,1.151704,1683,829,571,0.99,70.97,83.39,18.09,173.44,0.975959317,0.129635073,-0.135239398,-0.111393286,0.5492996,-0.9489514,0.8195155
seq-01/frame-000300,1,0.04580359,1.210563,1669,823,570,0.96,70.79,75.98,10.14,157.87,0.964557555,0.132112904,-0.196643926,-0.116215621,0.5523429,-0.9356003,0.8131307
seq-01/frame-000310,1,0.09479767,3.365514,2034,1311,1013,0.96,77.26,98.51,13.12,189.85,0.954258284,0.122436035,-0.250081868,-0.108901807,0.5784543,-0.9417394,0.8151902
seq-01/frame-000320,1,0.07502972,1.814902,2195,1315,990,0.94,79.88,112.78,15.42,209.02,0.940514150,0.117589358,-0.295070471,-0.120578995,0.5731376,-0.9969931,0.8687746
seq-01/frame-000330,1,0.03172505,0.653480,2626,1482,1103,0.99,90.42,129.65,14.66,235.73,0.921818134,0.147718845,-0.335129810,-0.126958578,0.5337111,-0.9553087,0.8945220
seq-01/frame-000340,1,0.05988605,1.043273,1649,913,698,0.93,67.62,80.62,12.40,161.58,0.896757066,0.143514062,-0.399657605,-0.124516175,0.5411103,-1.0071904,0.9522853
seq-01/frame-000350,1,0.01614788,0.738199,1353,689,527,0.88,63.35,66.71,9.82,140.76,0.830852058,0.158662706,-0.515682120,-0.136319314,0.6445223,-1.0131952,1.0733239
seq-01/frame-000360,1,0.06836310,1.478648,1176,577,405,0.88,59.80,56.65,19.58,136.92,0.752379366,0.153055697,-0.630286997,-0.115054524,0.7034286,-1.0370512,1.0797286
seq-01/frame-000370,1,0.09033218,2.170473,1981,924,711,0.90,76.11,95.81,7.86,180.67,0.724377022,0.128287152,-0.659731612,-0.153540016,0.7579356,-1.0129089,1.0815387
seq-01/frame-000380,1,0.13275571,3.261248,1722,881,718,0.85,72.09,83.61,11.77,168.32,0.727485996,0.098321147,-0.650713087,-0.194086466,0.7628575,-0.9871977,1.0569140
seq-01/frame-000390,1,0.17172727,4.523720,1962,939,721,0.93,76.33,95.56,10.96,183.78,0.718974755,0.066826930,-0.646413317,-0.246493989,0.7022424,-0.9513628,1.0088606
seq-01/frame-000400,1,0.18150959,4.513970,1389,629,485,0.83,64.34,68.08,9.27,142.52,0.738721538,0.054111190,-0.623804375,-0.249460559,0.7271458,-0.9088231,0.9112152
seq-01/frame-000410,1,0.16338483,4.170310,2498,1142,888,0.95,83.51,123.31,10.82,218.60,0.765440983,0.017911162,-0.590686635,-0.254693130,0.8365475,-0.9092369,0.8616022
seq-01/frame-000420,1,0.17881240,4.336949,2679,1232,931,0.93,87.25,130.96,15.24,234.39,0.763048566,0.009776600,-0.594111378,-0.254348137,0.9236348,-0.8922653,0.8901708
seq-01/frame-000430,1,0.17045662,3.876870,2671,1246,944,0.96,85.90,133.95,9.47,230.28,0.793846603,0.000715427,-0.558684244,-0.240164474,1.0106642,-0.8831985,0.8729587
seq-01/frame-000440,1,0.05831682,1.594938,2066,1108,893,0.90,78.14,100.40,13.78,193.21,0.836242591,-0.005427945,-0.502909453,-0.218519903,1.1548357,-0.8651338,0.8440355
seq-01/frame-000450,1,0.05720664,1.273635,1350,813,640,0.82,62.27,67.09,11.27,141.46,0.852771353,0.033547445,-0.488870719,-0.180723570,1.2484994,-0.9094860,0.9675948
seq-01/frame-000460,1,0.01748746,0.056687,1954,1457,1200,0.89,76.56,98.65,15.12,191.22,0.888850151,0.091338794,-0.429776228,-0.129980872,1.2101018,-0.9649142,0.9327785
seq-01/frame-000470,1,0.02952176,0.612050,2088,1548,1327,0.93,77.78,104.57,9.63,192.92,0.897222900,0.091924177,-0.418296681,-0.107558823,1.1122280,-0.9758175,0.8594656
seq-01/frame-000480,1,0.06596459,0.741645,1934,1239,1018,0.88,76.26,97.15,8.99,183.28,0.885861598,0.097778197,-0.441408284,-0.104150756,0.9423313,-1.0009542,0.9212367
seq-01/frame-000490,1,0.07699556,1.377524,2476,1502,1196,0.94,85.60,121.76,10.11,218.42,0.880182961,0.099172444,-0.447681700,-0.122571927,0.7848784,-1.0216717,0.9926482
seq-01/frame-000500,1,0.05510654,1.054759,2457,1370,1095,0.95,84.83,120.42,15.98,222.19,0.896002872,0.093144583,-0.419685790,-0.111206019,0.5921174,-1.0138631,1.0011662
seq-01/frame-000510,1,0.03338303,0.624083,2603,1405,1040,0.97,89.25,127.07,10.61,227.91,0.906289862,0.087463508,-0.398893393,-0.108962753,0.4340108,-1.0008253,0.9885098
seq-01/frame-000520,1,0.03642443,0.798670,2711,1456,1120,0.95,89.25,134.93,10.65,235.78,0.907186380,0.089203832,-0.396678131,-0.108175823,0.3434457,-0.9923506,1.0160191
seq-01/frame-000530,1,0.02879485,0.572125,2797,1674,1336,0.93,92.36,136.41,19.59,249.30,0.905581843,0.079056049,-0.400525797,-0.115111916,0.2314014,-1.0263417,1.0832421
seq-01/frame-000540,1,0.02434033,0.769006,2944,1812,1480,0.99,93.02,143.96,13.53,251.51,0.921867213,0.080417140,-0.362742653,-0.110053134,0.0875553,-0.9889907,1.0352825
seq-01/frame-000550,1,0.02138892,0.602877,3237,2026,1645,1.00,98.52,162.00,18.11,279.63,0.935737425,0.072779264,-0.331238591,-0.096848575,-0.0376443,-0.9557546,0.9823222
seq-01/frame-000560,1,0.02621960,1.030944,3278,2122,1700,1.03,100.29,166.19,16.67,284.18,0.941507494,0.074283962,-0.311602982,-0.104638010,-0.1327810,-0.9357180,0.9677858
seq-01/frame-000570,1,0.02100938,0.737661,3058,2084,1718,0.96,97.33,151.49,13.32,263.10,0.938882982,0.064851752,-0.324507345,-0.094804952,-0.2470649,-0.9719781,1.0395870
seq-01/frame-000580,1,0.04030740,0.917669,3464,2196,1741,1.05,100.18,168.77,16.42,286.44,0.937701458,0.062531720,-0.328884530,-0.092955501,-0.3409738,-1.0033015,1.0930732
seq-01/frame-000590,1,0.03521874,1.009390,3689,2230,1729,1.06,106.88,181.53,17.77,307.24,0.938811338,0.057662660,-0.324322618,-0.100613763,-0.4333985,-1.0149983,1.1258825
seq-01/frame-000600,1,0.04970020,1.041062,3901,2205,1607,1.08,109.73,188.70,16.11,315.63,0.949577565,0.055974905,-0.294028525,-0.093362116,-0.5485638,-1.0071445,1.1141939
seq-01/frame-000610,1,0.05474716,1.573259,4000,2487,1801,1.03,120.07,194.27,16.88,332.26,0.961379435,0.050878999,-0.254808054,-0.090740098,-0.6794547,-0.9826193,1.0937780
seq-01/frame-000620,1,0.06988946,1.695950,3172,1939,1448,1.01,103.05,153.75,22.28,280.10,0.973493898,0.045242424,-0.207821936,-0.084099919,-0.7358981,-0.9728625,1.0944425
seq-01/frame-000630,1,0.09807928,2.167507,4000,2221,1542,1.09,117.27,193.72,25.89,337.97,0.979778505,0.033677804,-0.181524118,-0.077128987,-0.7278331,-1.0284016,1.1042551
seq-01/frame-000640,1,0.05404955,1.714248,3813,2372,1699,1.04,116.54,184.40,25.22,327.20,0.979284007,0.049101721,-0.177571049,-0.084026054,-0.7199046,-0.9882321,1.1135981
seq-01/frame-000650,1,0.03358541,1.224945,2307,1523,1169,0.92,82.49,103.06,21.51,207.98,0.989833018,0.044674471,-0.116717228,-0.067910807,-0.7562670,-0.9676007,1.0870450
seq-01/frame-000660,1,0.05040049,1.773022,1842,1092,764,0.93,74.72,88.61,21.96,186.21,0.996068164,0.041261226,-0.051934035,-0.058724618,-0.7638819,-0.9612869,1.0726571
seq-01/frame-000670,1,0.02710848,0.636077,1473,985,715,0.90,66.88,60.59,18.81,147.18,0.998312694,0.029602018,0.017119325,-0.046929885,-0.8078263,-0.9681873,1.0659913
seq-01/frame-000680,1,0.02112868,0.629448,1578,879,596,0.98,67.59,72.92,15.36,156.84,0.994626441,0.030242125,0.093308016,-0.033125069,-0.8231558,-0.9640965,1.0707738
seq-01/frame-000690,1,0.02464611,1.090362,2155,1184,859,0.95,81.68,108.89,19.70,211.22,0.987666551,0.025155888,0.152721660,-0.023623299,-0.8270783,-0.9831314,1.0886048
seq-01/frame-000700,1,0.02337104,1.106938,1657,914,651,0.90,70.27,75.97,18.69,165.83,0.979968848,0.026737886,0.196438175,-0.018925817,-0.8030273,-0.9830001,1.0789935
seq-01/frame-000710,1,0.02407887,1.980803,1719,957,710,0.90,70.11,85.14,15.48,171.64,0.969815569,0.032502399,0.241388216,-0.011536230,-0.7911295,-0.9630412,1.0746506
seq-01/frame-000720,1,0.04901918,1.011046,2017,1162,899,0.91,79.82,98.12,11.54,190.40,0.954943920,0.041349724,0.293862009,-0.004174815,-0.7849959,-0.9407424,1.0554439
seq-01/frame-000730,1,0.02884932,0.641325,2043,1371,1126,0.92,79.59,97.08,15.03,192.62,0.945145883,0.058204978,0.321248839,-0.010517840,-0.7901653,-0.9229733,1.0379331
seq-01/frame-000740,1,0.03808614,1.004834,2098,1216,972,0.91,78.03,111.68,15.36,205.99,0.943357902,0.100898256,0.315449813,-0.019667919,-0.8010526,-0.9195599,1.0120517
seq-01/frame-000750,1,0.05228117,0.991739,1786,1167,929,0.87,136.16,74.95,18.33,230.31,0.935045796,0.148854550,0.321226095,-0.018587036,-0.7862775,-0.9163431,0.9747871
seq-01/frame-000760,1,0.07842018,1.617965,1603,942,717,0.93,65.67,68.98,13.86,149.44,0.924019240,0.192164486,0.328898916,-0.032966008,-0.7663087,-0.9161888,0.9740710
seq-01/frame-000770,1,0.04612144,1.882726,1528,912,700,1.11,75.22,71.40,14.85,162.58,0.916382300,0.224979887,0.325362193,-0.061375675,-0.7612167,-0.9086483,0.9836563
seq-01/frame-000780,1,0.04328511,2.364027,1517,918,692,0.87,66.67,65.32,13.80,146.65,0.909148281,0.254860285,0.323366404,-0.062688174,-0.7522330,-0.9045100,0.9857733
seq-01/frame-000790,1,0.06618130,2.707873,1185,632,451,0.83,58.18,44.35,13.07,116.43,0.903365561,0.293738590,0.307913824,-0.053267077,-0.7520710,-0.8991017,0.9606410
seq-01/frame-000800,1,0.06564874,2.028431,1095,526,363,0.84,56.85,37.64,12.64,107.96,0.896311902,0.333383968,0.289446022,-0.041244455,-0.7387210,-0.9057957,0.9721471
seq-01/frame-000810,1,0.01561005,0.794013,730,369,256,0.78,46.73,30.42,10.96,88.89,0.894005085,0.355013533,0.270204013,-0.041353250,-0.7259626,-0.9575828,0.9388338
seq-01/frame-000820,1,0.07126915,1.598345,831,260,116,0.78,54.42,36.53,10.69,102.41,0.899486199,0.360851290,0.241967683,-0.046503374,-0.7422349,-0.9153415,0.9055408
seq-01/frame-000830,1,0.16521867,3.538624,675,313,167,0.79,51.46,30.82,14.40,97.47,0.909954788,0.375396321,0.167415482,-0.055063080,-0.5994395,-0.8771044,0.8675845
seq-01/frame-000840,1,0.09349642,2.057495,529,233,126,0.78,47.36,17.78,15.63,81.55,0.911735092,0.390478659,0.117133265,-0.050451332,-0.7041113,-0.8981799,0.8683770
seq-01/frame-000850,1,0.12947457,2.944085,822,241,91,0.80,48.95,25.88,18.94,94.57,0.902530579,0.421995651,0.072912748,-0.045188005,-0.7485585,-0.8573838,0.9231631
seq-01/frame-000860,1,2.01318336,70.308065,687,193,39,0.81,44.99,22.00,31.03,98.83,0.563953097,0.766669851,-0.296434831,-0.079376535,0.1759618,-0.5049587,2.5072077
seq-01/frame-000870,0,-1.00000000,-1.000000,637,123,0,0.79,45.30,22.54,15.36,83.98,0.000000000,0.000000000,0.000000000,0.000000000,0.0000000,0.0000000,0.0000000
seq-01/frame-000880,1,0.84036557,18.808551,769,207,62,0.81,46.52,25.30,29.86,102.49,0.839174804,0.539364219,-0.012943313,-0.068588330,-0.7175298,-0.5064814,1.2270469
seq-01/frame-000890,1,1.36992910,17.730498,865,232,56,0.81,49.33,28.88,30.38,109.40,0.899986065,0.383804457,-0.204542440,-0.029691951,0.1018786,-0.7181457,0.4323955
seq-01/frame-000900,1,2.63341695,55.826128,789,193,49,0.81,49.45,26.80,24.08,101.15,0.859965268,0.148722032,-0.488034525,0.012798361,1.3261229,-1.8139101,0.8738527
seq-01/frame-000910,1,0.69231888,9.033627,1069,268,90,0.82,52.07,39.70,25.71,118.30,0.927853383,0.340992678,-0.142068528,-0.051270137,-0.4189816,-1.0045133,0.6679767
seq-01/frame-000920,1,1.39181318,56.318440,1065,278,73,0.82,54.28,40.47,25.79,121.36,0.989359390,-0.060215579,0.066006885,-0.114826703,-1.2976774,-2.3049077,1.0392283
seq-01/frame-000930,1,2.84967744,72.226471,1096,301,81,0.82,53.97,39.41,24.47,118.68,0.526228640,0.725837950,-0.442707958,-0.015885602,0.7344607,0.4037372,2.6133253
seq-01/frame-000940,1,1.05672044,40.462052,1164,335,123,0.82,53.53,57.02,28.30,139.67,0.997532936,0.033548804,-0.061335375,0.006363209,-0.8560943,-2.0062610,1.0116712
seq-01/frame-000950,1,0.94454425,30.826996,1077,252,88,0.82,54.43,39.14,19.12,113.51,0.779591283,0.571639851,-0.247894351,-0.063353787,-0.3624289,-0.4709456,1.6220648
seq-01/frame-000960,1,0.50122377,18.648744,1212,321,91,0.82,55.69,53.72,23.54,133.76,0.948236942,0.199265494,-0.241799042,-0.051702883,-0.4412984,-1.4396203,0.7602003
seq-01/frame-000970,1,0.19591367,4.209899,1062,292,144,0.85,52.52,37.88,16.96,108.21,0.891993607,0.373216738,-0.252500255,-0.036059582,-0.5047197,-0.8346120,0.9768993
seq-01/frame-000980,1,0.12431425,2.243079,1544,617,396,0.83,60.81,69.93,14.91,146.48,0.897046671,0.323317220,-0.297932059,-0.044830050,-0.4715540,-0.9301186,0.9403982
seq-01/frame-000990,1,0.06678268,0.807941,1867,957,677,0.86,73.28,87.50,12.48,174.12,0.905169228,0.302413985,-0.294464338,-0.050052009,-0.5105213,-0.9228754,0.8937075
seq-07/frame-000000,1,0.10577852,2.690176,2888,2041,1755,0.97,112.20,141.74,27.34,282.26,0.990862304,0.007596585,-0.133962711,-0.013717810,-0.2463490,-0.5704188,0.0086517
seq-07/frame-000010,1,0.07237222,1.889540,2658,1974,1695,0.96,236.60,301.39,89.51,628.47,0.990975028,0.005426784,-0.132710293,-0.018083778,-0.2381024,-0.5608045,0.0128131
seq-07/frame-000020,1,0.08305686,2.006982,1646,1212,1046,1.77,81.99,199.62,17.80,301.19,0.989947363,-0.003085933,-0.136873546,-0.035501101,-0.2692421,-0.5671508,0.0220516
seq-07/frame-000030,1,0.09838233,2.358083,1370,940,790,0.87,74.95,56.87,16.24,148.94,0.976797457,-0.028046397,-0.205993448,-0.051447317,-0.3129377,-0.5143144,0.0522477
seq-07/frame-000040,1,0.08590689,2.613282,1973,1198,1007,0.89,72.79,80.66,20.20,174.55,0.956935929,-0.055018582,-0.274268808,-0.077609306,-0.3846801,-0.5144295,0.0644234
seq-07/frame-000050,1,0.11369047,3.885485,1772,1014,815,0.88,70.15,76.34,14.09,161.48,0.949588935,-0.035706393,-0.302284484,-0.075033321,-0.5592193,-0.5291182,0.0412030
seq-07/frame-000060,1,0.07061731,2.189359,2535,1095,766,0.94,86.53,116.87,8.81,213.17,0.922248689,-0.005256918,-0.376976863,-0.085546270,-0.6791127,-0.5997049,0.0283320
seq-07/frame-000070,1,0.09972251,2.547370,2304,741,431,0.90,80.59,109.89,14.58,205.96,0.907718936,0.028576814,-0.391089610,-0.149260230,-0.8185175,-0.7935235,-0.0074963
seq-07/frame-000080,1,0.11396339,2.880088,2910,1042,670,1.26,239.25,266.41,17.66,524.59,0.910837168,0.091309938,-0.374948595,-0.146463991,-0.8834139,-0.9069558,-0.0527237
seq-07/frame-000090,1,0.10866656,4.702676,1604,695,456,0.90,75.62,61.66,8.98,147.15,0.927330993,0.160916816,-0.315951552,-0.119739821,-0.8364667,-0.9673879,-0.0769669
seq-07/frame-000100,1,0.05471868,3.965431,2111,1004,724,0.90,79.85,82.08,11.54,174.37,0.945060454,0.169233170,-0.260650469,-0.101401214,-0.8310549,-1.0787090,-0.0787871
seq-07/frame-000110,1,0.04634828,3.636725,1218,672,511,0.81,57.80,47.07,16.09,121.77,0.963544427,0.149208436,-0.213521334,-0.061054237,-0.7338341,-1.1180054,-0.0389512
seq-07/frame-000120,1,0.06142269,3.186054,1332,1001,815,1.13,152.98,88.27,12.83,255.22,0.977672865,0.139243773,-0.153199560,-0.036011606,-0.6930450,-1.1222382,-0.0094731
seq-07/frame-000130,1,0.06123635,2.215366,870,597,440,0.80,56.06,60.43,49.79,167.09,0.982199638,0.120890130,-0.143760557,0.001532856,-0.5310984,-1.1306454,0.0207635
seq-07/frame-000140,1,0.07813333,3.856981,2092,1456,1191,1.67,82.99,303.24,17.80,405.71,0.988988737,0.104629731,-0.102542667,0.020949896,-0.4829495,-1.1630254,0.0675431
seq-07/frame-000150,1,0.09402683,3.193801,2497,1601,1256,0.95,166.36,242.47,26.81,436.58,0.991272035,0.096330786,-0.086441179,0.025061004,-0.4076046,-1.1598702,0.1011385
seq-07/frame-000160,1,0.10978003,3.035908,2296,1485,1196,0.89,85.24,106.54,15.01,207.68,0.990949466,0.112358078,-0.070027599,0.022157466,-0.3571254,-1.1262755,0.1528905
seq-07/frame-000170,1,0.08023780,1.835814,2564,1610,1292,0.92,84.27,114.10,24.46,223.75,0.988992987,0.134285818,-0.059982474,0.016195495,-0.2620444,-1.0872422,0.2375973
seq-07/frame-000180,1,0.06803023,3.377959,2578,1687,1344,0.92,85.01,297.07,20.68,403.69,0.989482968,0.135189082,-0.050103748,0.011703979,-0.2209071,-1.1204501,0.3475239
seq-07/frame-000190,1,0.08465929,2.095868,1735,1183,974,1.16,97.15,67.51,22.76,188.58,0.990871260,0.130561561,-0.029382545,0.016263185,-0.1745112,-1.0829868,0.4208723
seq-07/frame-000200,1,0.05094825,1.328800,2459,1476,1168,0.97,103.50,100.35,15.32,220.13,0.991480288,0.124313149,-0.022650236,0.031623517,-0.0980216,-1.0379174,0.4604141
seq-07/frame-000210,1,0.03852003,1.121084,2330,1603,1365,0.93,78.18,94.35,19.78,193.24,0.991951032,0.115978259,-0.024091355,0.044741480,-0.0224081,-0.9872435,0.4821450
seq-07/frame-000220,1,0.03603983,0.914685,2220,1584,1363,0.97,74.10,98.01,17.35,190.43,0.990812021,0.130685730,-0.031900309,0.013969579,0.0345607,-0.9699389,0.4993891
seq-07/frame-000230,1,0.02516020,0.386228,1619,1247,1093,0.86,69.26,79.70,13.28,163.10,0.991455400,0.130445977,0.000188725,-0.000034397,0.0835549,-0.9518815,0.5363953
seq-07/frame-000240,1,0.03206550,0.571999,1945,1367,1157,0.95,85.79,96.23,23.78,206.75,0.990549871,0.135723845,0.009173189,0.017488389,0.1268764,-0.9455959,0.5781194
seq-07/frame-000250,1,0.02463352,0.519839,1570,1129,975,0.89,66.75,80.93,16.50,165.06,0.991151307,0.130155258,0.020383156,0.016224104,0.1719294,-0.9160220,0.6183385
seq-07/frame-000260,1,0.02294765,0.537849,1221,905,742,1.00,66.63,70.65,11.18,149.46,0.992568748,0.121662459,0.000038798,0.002350639,0.2604686,-0.8684967,0.6496947
seq-07/frame-000270,1,0.02389568,0.693797,1687,1008,797,0.97,69.18,70.78,13.46,154.38,0.995805781,0.072074424,-0.056137573,0.004969530,0.3534040,-0.8224066,0.6810042
seq-07/frame-000280,1,0.01336147,0.172938,1808,983,774,1.00,71.84,91.96,18.24,183.04,0.991396398,0.050440030,-0.118532997,0.023214543,0.4863699,-0.7856279,0.6800398
seq-07/frame-000290,1,0.02030621,0.633462,2114,1127,885,0.97,98.08,138.21,27.47,264.74,0.985690792,0.010825163,-0.165450838,0.030372647,0.5798344,-0.7898048,0.6843505
seq-07/frame-000300,1,0.02593671,0.737286,1771,908,706,1.26,84.68,86.11,14.06,186.12,0.973274634,-0.008435187,-0.222246714,0.057199056,0.6640723,-0.7821559,0.7070361
seq-07/frame-000310,1,0.03622096,0.973988,1617,859,663,0.88,79.61,84.03,16.61,181.13,0.972763607,-0.007470690,-0.225901740,0.051415542,0.7038176,-0.7648381,0.7247984
seq-07/frame-000320,1,0.02724214,0.787018,1436,725,539,0.99,68.22,62.02,14.90,146.12,0.965286838,-0.024157841,-0.253236204,0.059238036,0.7627295,-0.7635528,0.7437847
seq-07/frame-000330,1,0.03212001,0.991447,2456,1645,1409,1.60,87.52,103.24,16.96,209.34,0.951023101,-0.052837479,-0.301332558,0.044293929,0.8891559,-0.7501584,0.7853329
seq-07/frame-000340,1,0.05514105,1.231008,1721,1138,945,0.85,74.19,108.28,26.07,209.39,0.946648470,-0.060359965,-0.316015583,0.018641347,1.0050970,-0.7720532,0.8443876
seq-07/frame-000350,1,0.06808630,1.359726,1960,1300,1085,0.97,76.10,78.38,17.92,173.38,0.940777893,-0.033517477,-0.337305154,-0.006226341,1.1141323,-0.8301454,0.8800775
seq-07/frame-000360,1,0.11711069,2.187055,2323,1600,1330,0.95,76.70,94.90,12.32,184.86,0.934506812,-0.011741769,-0.353065743,-0.043631758,1.2366945,-0.9122673,0.9330984
seq-07/frame-000370,1,0.05441491,0.683869,1379,642,482,0.85,67.33,64.46,9.98,142.63,0.942527192,0.009360400,-0.327223317,-0.066931128,1.2581581,-0.9668978,0.8488378
seq-07/frame-000380,1,0.05403295,1.000157,1939,1008,784,0.89,74.10,75.96,10.60,161.55,0.944267734,0.014560297,-0.315672656,-0.092180355,1.2970034,-1.1053847,0.8202825
seq-07/frame-000390,1,0.00531765,0.575142,1970,1134,881,0.95,72.80,96.13,13.74,183.61,0.949964642,0.022374271,-0.282892114,-0.130532076,1.2396391,-1.2741030,0.7093580
seq-07/frame-000400,1,0.01509045,0.786043,2436,1442,1143,1.00,87.31,111.47,13.88,213.67,0.948331073,0.030660960,-0.265241717,-0.171391111,1.1130007,-1.3897662,0.6556322
seq-07/frame-000410,1,0.02500490,0.869279,1660,920,696,0.87,69.93,88.93,11.89,171.62,0.949658202,0.055114829,-0.262491823,-0.161894095,0.9820569,-1.3962936,0.6644162
seq-07/frame-000420,1,0.02339077,2.148273,1501,815,577,0.88,67.09,62.49,11.77,142.23,0.948201645,0.093316609,-0.264211049,-0.149660193,0.8741043,-1.4130845,0.6748644
seq-07/frame-000430,1,0.04522298,1.189520,2045,1309,1037,0.89,77.76,103.65,20.82,203.12,0.930112181,0.113380389,-0.303675154,-0.172677789,0.8320654,-1.3588288,0.6674570
seq-07/frame-000440,1,0.07831441,1.611324,2153,1449,1228,0.90,79.42,94.69,20.37,195.38,0.918035587,0.140499545,-0.323228344,-0.181642444,0.7867843,-1.3164944,0.6386158
seq-07/frame-000450,1,0.05897816,1.481024,2478,1628,1302,0.97,85.66,124.47,21.83,232.93,0.924414125,0.142127579,-0.302682132,-0.183417020,0.7197351,-1.2652763,0.6415341
seq-07/frame-000460,1,0.04229986,1.313476,2483,1721,1422,0.91,84.91,123.55,17.05,226.43,0.933624216,0.114525646,-0.295533539,-0.167001874,0.6274999,-1.2219643,0.6770222
seq-07/frame-000470,1,0.03030713,0.674152,2553,1737,1363,0.97,90.49,128.54,22.99,242.99,0.940602138,0.098752737,-0.285611509,-0.154730673,0.5778550,-1.1305490,0.7064271
seq-07/frame-000480,1,0.03055015,0.814920,2561,1753,1383,1.00,108.15,200.14,16.06,325.34,0.939063520,0.084319166,-0.293393718,-0.158019335,0.5292059,-1.0767669,0.7399772
seq-07/frame-000490,1,0.03100959,0.744607,2327,1606,1222,0.94,93.31,107.62,17.50,219.38,0.939768875,0.094957342,-0.298936199,-0.135848126,0.4617709,-0.9814888,0.7475994
seq-07/frame-000500,1,0.03967725,0.431643,2759,1832,1445,1.01,84.11,100.28,17.11,202.50,0.945616046,0.109302332,-0.283506095,-0.116136070,0.4909441,-0.8933768,0.7480128
seq-07/frame-000510,1,0.03229785,0.427333,2644,1614,1309,0.92,84.80,100.93,11.82,198.47,0.951985419,0.071315984,-0.274539015,-0.115178649,0.4723022,-0.8314315,0.7183128
seq-07/frame-000520,1,0.01154419,0.447796,2698,1810,1494,0.95,83.44,113.15,19.66,217.20,0.947771483,0.057535355,-0.302082892,-0.084645286,0.4320048,-0.7452008,0.6746514
seq-07/frame-000530,1,0.03904004,0.917054,2237,1354,1124,0.90,79.54,111.03,18.15,209.61,0.950780867,0.022413739,-0.301076085,-0.069760716,0.3562907,-0.6981243,0.6528128
seq-07/frame-000540,1,0.02216674,0.650653,2744,1789,1492,0.96,97.49,117.51,16.02,231.98,0.951691828,0.009335908,-0.303519953,-0.045509817,0.2665322,-0.6466659,0.6691709
seq-07/frame-000550,1,0.02798495,0.634290,2737,1691,1382,0.99,92.25,136.68,15.08,245.00,0.960901763,0.014299489,-0.275399475,-0.024868762,0.1893616,-0.6049490,0.6531611
seq-07/frame-000560,1,0.03392995,0.984167,2446,1608,1370,0.95,79.71,122.92,20.37,223.96,0.957632199,0.021630942,-0.284662435,-0.037946954,0.0977152,-0.5863592,0.5839366
seq-07/frame-000570,1,0.03637645,0.942543,1922,1477,1261,0.89,76.55,94.76,14.65,186.86,0.956505554,0.033710783,-0.289613173,-0.009215155,0.0500994,-0.5146957,0.4991982
seq-07/frame-000580,1,0.04561968,1.070283,1478,967,838,0.83,64.83,78.12,13.17,156.96,0.956225474,0.005049518,-0.292286554,-0.013263337,-0.0025945,-0.5103160,0.4556239
seq-07/frame-000590,1,0.04915164,1.370916,1551,1090,927,0.87,68.80,77.18,12.47,159.33,0.950891298,-0.010709219,-0.309275393,-0.006307462,-0.1526709,-0.5002826,0.4446493
seq-07/frame-000600,1,0.02850377,1.104656,2437,1710,1409,0.94,81.33,119.68,14.82,216.78,0.946765809,-0.026882343,-0.320714862,-0.007336155,-0.2981562,-0.5284630,0.4527620
seq-07/frame-000610,1,0.06502043,2.146047,1103,604,481,0.83,57.48,58.23,10.23,126.77,0.940818965,0.008435785,-0.338341370,-0.017709607,-0.4299616,-0.5447604,0.3734783
seq-07/frame-000620,1,0.07356209,3.081630,1491,885,710,0.86,68.32,74.85,11.01,155.05,0.911678186,-0.036335609,-0.401844695,-0.077739624,-0.5109001,-0.6610684,0.3192607
seq-07/frame-000630,1,0.08080666,2.754383,1666,464,254,0.83,68.48,82.58,11.12,163.00,0.889289860,0.002173111,-0.434599235,-0.142416039,-0.6235410,-0.8732084,0.2928459
seq-07/frame-000640,1,0.06566114,1.900057,1744,706,474,0.89,71.58,88.31,10.99,171.77,0.887011051,0.052800125,-0.434542772,-0.146956191,-0.6710203,-1.0213246,0.2551657
seq-07/frame-000650,1,0.08713099,4.617485,1703,847,600,0.87,70.20,82.54,15.69,169.30,0.914243437,0.156713048,-0.350314244,-0.129922624,-0.7259587,-1.0871629,0.2055771
seq-07/frame-000660,1,0.06213652,2.532168,671,318,229,0.76,49.30,33.18,14.25,97.49,0.938635308,0.198647394,-0.257566638,-0.114727497,-0.6678501,-1.1893628,0.2189839
seq-07/frame-000670,1,0.08285998,1.687887,1250,738,558,0.77,59.06,59.00,13.07,131.91,0.946702428,0.220632601,-0.217666554,-0.087732779,-0.5962044,-1.2086810,0.2368239
seq-07/frame-000680,1,0.08401340,1.242162,1327,741,562,0.79,61.07,63.35,18.19,143.40,0.943708633,0.220644792,-0.234643791,-0.075313899,-0.4727568,-1.2151007,0.2685952
seq-07/frame-000690,1,0.10597518,2.158222,954,535,391,0.77,54.94,45.24,12.66,113.61,0.940347433,0.236795385,-0.236611627,-0.060741987,-0.3743215,-1.2096049,0.2462245
seq-07/frame-000700,1,0.08222555,1.007609,1046,563,408,0.78,56.76,49.45,10.17,117.15,0.941381307,0.238502829,-0.230050031,-0.063202996,-0.2302116,-1.1911397,0.3054603
seq-07/frame-000710,1,0.16259758,3.967211,766,336,193,0.76,51.47,35.48,18.12,105.84,0.948029401,0.257611701,-0.177489477,-0.058085728,-0.2599903,-1.0922546,0.2921933
seq-07/frame-000720,1,0.06223064,2.223731,1106,714,574,0.77,57.73,53.80,15.46,127.76,0.959441466,0.206302454,-0.180357274,-0.066201391,-0.1302375,-1.1537151,0.4293402
seq-07/frame-000730,1,0.10914579,1.288820,2404,1466,1081,0.90,79.31,115.55,17.27,213.04,0.967112249,0.185788164,-0.167139000,-0.047341424,-0.0568024,-1.1026043,0.5128609
seq-07/frame-000740,1,0.10978940,1.387913,2411,1471,1145,0.89,79.98,116.55,15.21,212.64,0.965421911,0.176547698,-0.187067921,-0.042391463,-0.0177274,-1.0920023,0.5699759
seq-07/frame-000750,1,0.10808802,3.368381,1388,890,706,0.84,62.24,68.35,20.05,151.47,0.971960219,0.156059181,-0.172978593,-0.031894675,-0.0057910,-1.0599286,0.6148299
seq-07/frame-000760,1,0.08740572,1.746361,2341,1586,1284,0.88,79.02,115.55,12.00,207.45,0.975674436,0.146598626,-0.162711766,-0.009649846,0.0178134,-1.0216773,0.6286414
seq-07/frame-000770,1,0.07276525,1.379612,1827,1318,1128,0.88,73.24,90.59,15.29,180.01,0.975650546,0.119796079,-0.183720660,0.001276917,0.0659398,-0.9759358,0.6294355
seq-07/frame-000780,1,0.08544093,1.412154,2304,1684,1407,0.89,81.48,110.81,23.35,216.54,0.964826587,0.130561034,-0.228131262,-0.004427232,0.1422578,-0.9054398,0.6133765
seq-07/frame-000790,1,0.03307788,0.734009,1873,1266,1030,0.89,73.25,92.64,17.24,184.02,0.966830017,0.095756584,-0.236395328,0.013698291,0.1876626,-0.8240342,0.6368593
seq-07/frame-000800,1,0.02039642,0.705032,1329,748,569,0.85,61.93,65.12,14.06,141.97,0.977238134,0.063398015,-0.201612628,0.018402954,0.2136225,-0.7500100,0.6560936
seq-07/frame-000810,1,0.01081480,0.991182,2008,1112,877,0.89,75.72,103.63,14.10,194.34,0.987328200,0.019537854,-0.155732733,-0.023422484,0.1955694,-0.7493713,0.6577319
seq-07/frame-000820,1,0.02777849,0.530109,2578,1588,1282,0.91,85.19,125.83,20.40,232.33,0.988146311,-0.013642526,-0.146835630,-0.042662008,0.1693396,-0.7272133,0.6687143
seq-07/frame-000830,1,0.03019818,0.495678,1969,1116,888,0.86,71.71,96.12,14.94,183.64,0.984504015,-0.028298162,-0.165526131,-0.050518884,0.1985492,-0.7134379,0.6770449
seq-07/frame-000840,1,0.08066062,1.995697,2848,1640,1314,0.94,89.42,140.93,18.41,249.71,0.972194777,-0.050043396,-0.224884329,-0.041952500,0.3727502,-0.7178910,0.7178623
seq-07/frame-000850,1,0.06351401,1.639712,2544,1540,1271,0.90,84.92,128.21,12.04,226.08,0.968830869,-0.044110881,-0.242376608,-0.025972224,0.4641821,-0.6754005,0.7213944
seq-07/frame-000860,1,0.02713085,0.626062,1622,921,744,0.85,66.32,81.30,12.62,161.09,0.971215206,-0.004173159,-0.230494687,-0.059965052,0.5111636,-0.6476566,0.7205286
seq-07/frame-000870,1,0.02053317,0.601926,1705,1042,835,0.83,69.07,85.38,11.52,166.81,0.979125373,0.000930309,-0.196051242,-0.053633460,0.5933621,-0.6402459,0.7635367
seq-07/frame-000880,1,0.06628230,2.036532,1199,715,576,0.86,59.17,59.45,11.47,130.95,0.981451616,0.003433365,-0.184511919,-0.051925814,0.7220165,-0.6649295,0.8724893
seq-07/frame-000890,1,0.07184049,2.039349,1107,598,476,0.86,58.10,53.85,11.36,124.16,0.986737013,0.022503769,-0.151650838,-0.053344831,0.8093955,-0.6730028,0.9143344
seq-07/frame-000900,1,0.05502726,1.632228,1082,547,414,0.82,57.64,51.53,11.89,121.89,0.991021960,0.024961550,-0.121443037,-0.050039837,0.8833573,-0.7184751,0.9122136
seq-07/frame-000910,1,0.05391841,1.480769,963,641,501,0.82,55.58,46.43,11.51,114.35,0.991552960,0.029905591,-0.112370669,-0.057456208,0.9539433,-0.7633614,0.9307780
seq-07/frame-000920,1,0.05853044,1.653940,1606,941,712,0.87,67.95,78.67,17.31,164.81,0.991646879,0.043372257,-0.094856027,-0.075879167,1.0223809,-0.8633179,0.9224743
seq-07/frame-000930,1,0.05321400,1.592090,1146,815,651,0.85,59.46,57.19,11.90,129.40,0.989532449,0.064462893,-0.080800814,-0.100703999,1.0290605,-0.9865988,0.9066951
seq-07/frame-000940,1,0.05893203,1.840478,1168,729,569,0.84,59.64,56.37,8.05,124.90,0.985512042,0.089837378,-0.061884293,-0.129867606,1.0423844,-1.0875757,0.8890589
seq-07/frame-000950,1,0.03618566,1.241939,930,517,383,0.83,55.88,44.65,11.91,113.27,0.976476148,0.138507270,-0.040205469,-0.160292198,1.0411625,-1.1579248,0.8505076
seq-07/frame-000960,1,0.05546160,1.368354,934,579,467,0.81,56.92,45.32,12.51,115.56,0.961145928,0.194290286,-0.009081057,-0.195875790,1.0266827,-1.2242133,0.7969128
seq-07/frame-000970,1,0.07751150,2.385151,909,516,384,0.80,55.42,43.43,12.40,112.06,0.947662833,0.218145525,-0.016618320,-0.232532830,0.9696204,-1.3114754,0.7718235
seq-07/frame-000980,1,0.04425391,1.389309,625,391,281,0.77,48.52,29.70,16.71,95.71,0.943399290,0.247886751,-0.053827777,-0.213664479,0.8861220,-1.2240328,0.7788285
seq-07/frame-000990,1,0.02463628,1.799704,745,336,191,0.78,53.09,35.36,13.56,102.80,0.942393234,0.250878614,-0.116500646,-0.188102403,0.7564909,-1.2528926,0.7897147
