frame,ok,trans_err_m,rot_err_deg,keypoints,matches,inliers,ms_decode,ms_extract,ms_match,ms_pose,ms_total
seq-02/frame-000025,1,0.00539,0.4075,793,444,424,1.01,86.36,18.13,3.57,109.08
seq-02/frame-000075,1,0.02196,1.3550,238,128,121,1.21,60.74,5.66,1.27,68.89
seq-02/frame-000125,1,0.01357,0.8790,299,189,171,1.21,50.01,10.96,2.18,64.37
seq-02/frame-000175,1,0.01118,1.0107,420,235,218,0.83,82.46,17.49,2.25,103.03
seq-02/frame-000225,1,0.19237,9.3953,269,97,83,0.89,52.66,5.59,1.72,60.86
seq-02/frame-000275,0,-1.00000,-1.0000,149,17,0,0.81,46.98,4.40,0.84,53.04
seq-02/frame-000325,1,0.03003,2.1266,224,114,104,1.15,55.96,4.08,3.17,64.35
seq-02/frame-000375,1,0.01269,0.8986,379,218,207,1.14,69.78,10.09,1.38,82.40
seq-02/frame-000425,1,0.01046,0.4109,648,311,292,1.22,89.19,26.46,1.81,118.69
seq-02/frame-000475,1,0.01433,1.0181,675,453,439,1.05,61.25,30.50,1.97,94.78
seq-02/frame-000525,1,0.04648,0.8592,1340,172,170,1.14,65.93,25.52,1.22,93.82
seq-02/frame-000575,1,0.00715,0.3157,372,147,145,0.90,46.71,10.95,2.29,60.87
seq-02/frame-000625,0,-1.00000,-1.0000,171,10,0,0.87,36.69,5.42,0.51,43.49
seq-02/frame-000675,1,0.02591,2.2188,364,136,129,1.50,49.26,13.37,1.60,65.74
seq-02/frame-000725,1,0.01074,0.4938,362,168,159,0.80,53.52,6.03,0.95,61.30
seq-02/frame-000775,1,0.01513,0.6833,250,153,145,0.79,36.59,6.75,2.01,46.15
seq-02/frame-000825,1,0.01483,0.6787,599,400,379,0.88,50.30,9.58,1.64,62.40
seq-02/frame-000875,1,0.00654,0.3061,446,308,301,0.78,47.73,6.64,1.25,56.41
seq-02/frame-000925,1,0.00782,0.7723,877,429,372,0.93,49.36,11.97,1.89,64.15
seq-02/frame-000975,1,0.01702,1.0394,537,257,245,1.09,47.56,7.35,1.39,57.38
